[
  {
    "id": "data/company/auth_and_account_access.md#0",
    "path": "data/company/auth_and_account_access.md",
    "text": "# Authentication & Account Access\n\n## Rules\n- Password minimum: 10 chars; support for passkeys.  \n- 2FA optional; enforced on staff accounts.  \n- Account lock after 5 failed attempts; unlock via email link.\n\n## SOP\n1. Verify identity (email + order ID or phone OTP).\n2. Reset or unlock account; log event in security ledger.\n3. If suspicious activity → force password reset and 2FA prompt."
  },
  {
    "id": "data/company/billing_and_invoicing.md#0",
    "path": "data/company/billing_and_invoicing.md",
    "text": "# Billing & Invoicing\n\n## Rules\n- Payment methods: Visa/Mastercard/Amex/PayPal.  \n- Invoices are emailed at purchase time; PDF copies available in the account portal.  \n- Duplicate charges are automatically detected; suspected duplicates are refunded within 3 business days.\n\n## SOP\n1. Validate transaction ID and card tail digits with the customer.\n2. If duplicate → create refund case; mark as priority.\n3. Post refund in gateway; send confirmation email with reference."
  },
  {
    "id": "data/company/complaints_handling_sop.md#0",
    "path": "data/company/complaints_handling_sop.md",
    "text": "# Complaints Handling SOP\n\n## SOP\n1. Acknowledge within 24 hrs; provide case ID.  \n2. Classify: Billing/Refunds, Delivery/Logistics, Support Responsiveness, Security/Fraud, Praise.  \n3. Apply the corresponding policy; state timelines and fees.  \n4. If unresolved after 5 business days, escalate to Complaints Manager.  \n5. Log resolution and share survey link."
  },
  {
    "id": "data/company/customer_support_sla.md#0",
    "path": "data/company/customer_support_sla.md",
    "text": "# Customer Support SLA\n\n## Targets\n- First response: <24h weekdays, <48hweekends.\n- Resolution target: 5 business days for standard cases; 24h for payment errors.\n\n## SOP\n1. Auto-acknowledge ticket and classify priority.  \n2. If no agent reply within SLA-1h buffer → auto-escalate to Team Lead.  \n3. Share final resolution and link relevant policy."
  },
  {
    "id": "data/company/delivery_and_logistics.md#0",
    "path": "data/company/delivery_and_logistics.md",
    "text": "# Delivery & Logistics\n\n## Rules\n- Standard delivery: 2–6 business daysmetro; 3–10regional.  \n- Signatures required for items >$200, otherwise ATL (Authority to Leave) optional.  \n- Courier photo proof required for ATL deliveries.\n\n## SOP\n1. Verify address and delivery option (signature/ATL).\n2. For lost-in-transit: file carrier trace within 24h; update customer every 8h.\n3. Confirm outcome (found/refund/replace). Replace or refund within 3 business days."
  },
  {
    "id": "data/company/moderation_and_abuse.md#0",
    "path": "data/company/moderation_and_abuse.md",
    "text": "# Moderation & Abuse\n\n## Rules\n- Zero tolerance for hate speech, threats, or doxxing in reviews or support chats.\n- Spam filters auto-hide messages with high risk score.\n\n## SOP\n1. Flag content; review within 24h.\n2. If violation, remove and warn; repeat offenders → account suspension."
  },
  {
    "id": "data/company/privacy_amazon_au_summary.md#0",
    "path": "data/company/privacy_amazon_au_summary.md",
    "text": "# Privacy (Amazon AU) — Internal SOP (Paraphrased)\n\nPurpose \nGive support/compliance teams a quick, consistent way to answer privacy questions about what data is collected, why, how it’s shared, and customer choices.\n\nScope \nCovers Amazon.com.au services and Amazon devices/apps that reference the AU Privacy Notice. Some features or third-party offerings (e.g., seller services, apps, skills) have extra terms—check those if relevant.\n\n---\n\n## A. What data is collected\n- Provided by customer: account/profile info, addresses, payment details, messages to support, reviews/ratings, survey responses.\n- Automatic: device/browser info, IP, cookies/IDs, clickstream, content interaction (streams/downloads), app and device metrics, location (when enabled).\n- From others: updated delivery/address info from carriers, co-branded partners, credit risk data (fraud prevention), interactions with affiliates/linked services.\n\n## B. Why it’s used (main purposes)\n-   Fulfilment & service  : take orders, deliver, process payments, communicate about orders/services.\n-   Operate & improve  : troubleshoot, measure performance, enhance usability and security.\n-   Personalisation  : recommendations, preferences, tailored experience.\n-   Voice/image/camera features  : respond to requests and improve those services.\n-   Legal & compliance  : identity checks for sellers, regulatory obligations.\n-   Communications  : service messages via phone/email/chat.\n-   Advertising  : show interest-based ads (without directly identifying info).\n-   Fraud/credit risk  : detect/prevent abuse and manage credit risk."
  },
  {
    "id": "data/company/privacy_amazon_au_summary.md#1",
    "path": "data/company/privacy_amazon_au_summary.md",
    "text": "ications  : service messages via phone/email/chat.\n-   Advertising  : show interest-based ads (without directly identifying info).\n-   Fraud/credit risk  : detect/prevent abuse and manage credit risk.\n## C. Cookies & identifiers\n- Cookies and other identifiers help recognize browsers/devices, enable core features (cart, checkout, sign-in), and improve experience. Users can manage cookie settings; disabling may break essential functions.\n\n## D. Sharing personal information (typical cases)\n-   Transactions with third parties  : info shared as needed when you buy from a seller or use third-party apps/skills.\n-   Service providers  : delivery, payments, analytics, customer service—access limited to what’s needed.\n-   Business transfers  : during mergers/acquisitions, honoring prior privacy commitments.\n-   Protection/legal  : to comply with law, enforce terms, or protect safety/rights.\n-   Notice & choices  : where not covered above, customers are notified and may opt out.\n\n## E. Security practices\n- Encryption in transit; PCI DSS for card data.\n- Physical/electronic/procedural safeguards; identity checks before disclosure.\n- Device security controls available to customers.\n- Customers should protect passwords and sign out on shared devices.\n\n## F. Choices & controls\n- Manage communications via   Customer Communication Preferences  .\n- Adjust   Advertising Preferences   to limit interest-based ads.\n- Browser/app/device controls for cookies, notifications, and permissions.\n- Access/update many data fields in   Your Account  ; some services have dedicated settings (e.g.,   Manage Your Content and Devices  ).\n- Requests for access/correction handled as required by law."
  },
  {
    "id": "data/company/privacy_amazon_au_summary.md#2",
    "path": "data/company/privacy_amazon_au_summary.md",
    "text": "s.\n- Access/update many data fields in   Your Account  ; some services have dedicated settings (e.g.,   Manage Your Content and Devices  ).\n- Requests for access/correction handled as required by law.\n## G. Children\n- Purchases by adults; under-18s use services only with a parent/guardian. Children’s services have additional notices.\n\n## H. Access & self-service menu (examples to reference)\n- Your Account: names, addresses, payment methods, order history.\n- Content & Devices: device settings, content, some privacy controls.\n- Sellers/developers: Seller Central / Developer portals for their data and preferences.\n\n## I. Customer-facing quick reply template\n> “We collect information you provide (like account and order details), technical data from your device and use of our services, and information from partners (like carriers). We use it to deliver orders, improve the service, personalize recommendations, prevent fraud, and meet legal requirements. You can manage communications and ads in your preferences, control cookies in your browser, and access/update many details in Your Account. For specific requests about your data, I can point you to the right page or help raise a privacy request.”\n\n---\n\n## Notes for agents\n- If the question is about   ads  , point to Advertising Preferences and Interest-Based Ads info.\n- If the issue is   data access/correction  , guide to Account pages or the privacy request flow.\n- If it involves   children or sensitive data  , escalate to the privacy specialist queue.\n- Remind customers that turning off cookies/identifiers can limit shopping features.\n\n---\n\n## Source\n- Amazon.com.au   Privacy Notice   (last updated: 2 Oct 2024; accessed: 24 Sep 2025)."
  },
  {
    "id": "data/company/returns_refunds_policy.md#0",
    "path": "data/company/returns_refunds_policy.md",
    "text": "# Returns & Refunds Policy\n\n## Purpose\nDefine fair, transparent rules for returns and refunds while meeting Australian Consumer Law (ACL) obligations.\n\n## Policy / Rules\n- Change of mind: Accepted within 30 days if item is unused and in original packaging; original shipping is non-refundable.\n- Large/oversize items: A $50 return shipping fee applies for change-of-mind returns.\n- Faulty or damaged on arrival: We provide prepaid return shipping and a full refund or replacement.\n- Refund timing: Process refunds within 5 business days of inspection.\n- Evidence (photos/serial numbers) may be requested for DOA/defect claims.\n\n## Process (SOP)\n1. Verify order ID, purchase date, item condition, and category.\n2. Determine eligibility (change of mind vs. ACL fault).\n3. Issue prepaid label if eligible; otherwise advise self-ship and expected fees.\n4. On receipt, inspect and update disposition (resell / refurbish / scrap).\n5. Trigger refund in billing system; notify customer.\n\n## Escalation\n- Disputed claims or repeated abuse → escalate to Compliance Lead within 1 business day."
  },
  {
    "id": "data/company/security_report_amazon.md#0",
    "path": "data/company/security_report_amazon.md",
    "text": "# Reporting Security Issues — Amazon AU (Paraphrased SOP)\n\nPurpose  \nGive agents and automation a consistent flow for handling *security problems*, including suspicious account activity and vulnerability reports.\n\nScope  \nCovers Amazon.com.au retail customers and retail services. AWS security reports follow the AWS flow (separate). Copyright, recruiting fraud, and general scams have their own routes (see below).\n\n---\n\n## A) Customer account / activity concerns (support route)\nUse Customer Service for:\n- Unknown/suspicious orders or charges\n- Unexpected password or account setting changes\n- Potential account takeover or fraud flags\n\nAgent steps\n1. Authenticate the customer (standard verification).  \n2. Contain: force sign-out on all devices; recommend password reset + enable MFA/passkey.  \n3. Review recent orders, devices, addresses, and payments; cancel/lock where appropriate.  \n4. Escalate to the fraud/security queue if patterns indicate compromise.  \n5. Educate: link to “Protect Your System” and “Identify if a message is from Amazon”.\n\n---\n\n## B) Vulnerability reports (researcher route)\nFor suspected security vulnerabilities in Amazon retail sites/apps/devices:\n- Direct to the web form (Amazon Vulnerability Research Program / HackerOne).\n- Only vulnerability submissions are handled via this channel; other issues use Customer Service."
  },
  {
    "id": "data/company/security_report_amazon.md#1",
    "path": "data/company/security_report_amazon.md",
    "text": "tail sites/apps/devices:\n- Direct to the web form (Amazon Vulnerability Research Program / HackerOne).\n- Only vulnerability submissions are handled via this channel; other issues use Customer Service.\nAgent steps\n1. Thank the reporter; confirm this is a *vulnerability*, not an account issue.  \n2. Provide the official submission link and ask for details (affected service, steps, impact, PoC).  \n3. Do not request credentials or personal data; keep communications minimal and secure.  \n4. Do not promise bounties or timelines—refer to program terms.\n\n> Not a vulnerability? Route to the correct queue (Section A/C/D/E).\n\n---\n\n## C) AWS (cloud) vulnerability reports\n- Direct to AWS Vulnerability Reporting (separate program/site).  \n- Do not file AWS issues through retail channels.\n\n---\n\n## D) Copyright/IP complaints\n- Route to Report Infringement flow (dedicated form).  \n- Do not assess legal merits in support; collect required fields and submit.\n\n---\n\n## E) Recruiting fraud & scams\n- Recruiting fraud (fake job offers): send to Report a Scam (recruiting).  \n- Suspicious emails/SMS/calls/webpages impersonating Amazon: Report a Scam and share guidance on how to recognize official communications.\n\n---\n\n## F) Quick customer guidance (template)\n> “Thanks for contacting us. I’ll help secure your account first by signing out other sessions and assisting with a password reset and MFA. If you believe you’ve found a security vulnerability in an Amazon retail site/app/device, please submit it via our official vulnerability form so our security team can review it. For AWS cloud issues, use the AWS security report page. For copyright or scam reports, I can direct you to the right form.”\n\n---"
  },
  {
    "id": "data/company/security_report_amazon.md#2",
    "path": "data/company/security_report_amazon.md",
    "text": "via our official vulnerability form so our security team can review it. For AWS cloud issues, use the AWS security report page. For copyright or scam reports, I can direct you to the right form.”\n\n---\n## G) Related references (for agents)\n- Unknown charges / Account on hold / Protect Your System  \n- Identify real Amazon communications (email/phone/SMS/web)  \n- Manage your personal information \n- Trustworthy Shopping at Amazon\n\n---\n\n## Notes\n- Do not request sensitive credentials or full card numbers.  \n- Never share internal tooling or investigation details with reporters.  \n- Keep interaction logs minimal and factual; include timestamps and links.  \n- Escalate immediately if there is evidence of active compromise affecting multiple users.\n\n---\n\n## Source\n- Amazon AU Help — *Report a Security Issue* (accessed: 24 Sep 2025)."
  },
  {
    "id": "data/public/reviews_seed_sample.md#0",
    "path": "data/public/reviews_seed_sample.md",
    "text": "label: Billing/Refunds\nstars: 1\n\nI was billed twice for the same headset. Please reverse the duplicate charge today.\n\nlabel: Delivery/Logistics\nstars: 1\n\nPackage says delivered with a photo, but that lobby isn’t mine. Nothing at my door.\n\nlabel: Support Responsiveness\nstars: 2\n\nI opened a ticket last week and haven’t had a single reply. The chat just closes.\n\nlabel: Security/Fraud\nstars: 2\n\nGot a password reset email I didn’t request and a login from another country.\n\nlabel: Praise\nstars: 5\n\nBrilliant service—placed an order at night and it arrived before lunch next day.\n\nlabel: Delivery/Logistics\nstars: 2\n\nCourier left the parcel under the letterboxes in the rain. The box is soaked.\n\nlabel: Billing/Refunds\nstars: 1\n\nRefund still not processed after ten days, despite sending proof of the return.\n\nlabel: Support Responsiveness\nstars: 1\n\nThree emails, no response. I just need a straight answer about my warranty.\n\nlabel: Security/Fraud\nstars: 1\n\nWhy are you keeping my personal data after I close my account? Please delete it.\n\nlabel: Praise\nstars: 5\n\nCustomer service fixed a sizing mistake immediately and arranged free pickup.\n\n# Amazon AU/NZ Public Reviews (2025 sample)\n_Source: user-provided sample text. Use for testing classification and retrieval._\n\n---\n\n## Review 1 — Refund refusal & packaging\nShame there is no 0 star option. Basically it is a scammer refuses to process a refund after returning items arrived broken simply because it a cheapskate by shipping item in a paper satchel with zero protection."
  },
  {
    "id": "data/public/reviews_seed_sample.md#1",
    "path": "data/public/reviews_seed_sample.md",
    "text": "is no 0 star option. Basically it is a scammer refuses to process a refund after returning items arrived broken simply because it a cheapskate by shipping item in a paper satchel with zero protection.\n- Theme: refunds refused, damaged items, poor packaging\n- Suggested route: Billing/Refunds (primary), Fulfilment QA (secondary)\n\n---\n\n## Review 2 — Prime linking & support frustration\nAmazon Australia is useless, Shipping takes as long as temu may swell be shopping with them. Amazon's customer service is non existent, get more sense from a brick wall. Prime account doesn't link and amazon refuse to link the accounts. SO NO SAVINGS TO BE HAD FROM PRIME. I'm cancelling my membership\n\n- Theme: account linking, support responsiveness\n- Suggested route: Account Support / Prime\n\n---\n\n## Review 3 — Refund delayed (Pretty Little Things)\nI am so disappointed with the customer service given to me. It's been 10 days and I have tried and tried to get a refund from the company Pretty Little Things. To no avail.\n\n- Theme: refund delay\n- Suggested route: Billing/Refunds; Support follow-up\n\n---\n\n## Review 4 — Misdelivery / exposed parcels / missing orders\nThis happens to me: - Orders left as shown in photo, or under the letterboxes. One delivery was marked, \"delivered to mail room.\" The area is exposed to the weather and passing foot traffic. Orders left in the lobby of the wrong block of apartments. I've had two orders go completely missing.\n\n- Theme: last-mile delivery errors, losses\n- Suggested route: Delivery Ops; Request photo-on-delivery\n\n---\n\n## Review 5 — Driver can’t find accessible door\nOnce again Amazon delivery driver thought my front door was behind a 2 metre high fence. Front door is accessible from the road with ease."
  },
  {
    "id": "data/public/reviews_seed_sample.md#2",
    "path": "data/public/reviews_seed_sample.md",
    "text": "elivery\n\n---\n\n## Review 5 — Driver can’t find accessible door\nOnce again Amazon delivery driver thought my front door was behind a 2 metre high fence. Front door is accessible from the road with ease.\n- Theme: address notes / courier training\n- Suggested route: Delivery Ops\n\n---\n\n## Review 6 — Late delivery & price dissatisfaction\nI purchased Prebiotic powder cost $32.93 not yet delivered after one week delivered. Discovered price in local pharmacy $19.50. RIDICULOUS\n\n- Theme: delay + pricing complaint\n- Suggested route: Delivery SLA; Merch/Pricing review\n\n---\n\n## Review 7 — Praise: quality & next-day delivery\nI can not express how much Amazon has helped with quality products, next day delivery and affordable prices. Amazon is life\n\n- Theme: positive experience\n- Suggested route: CSAT/NPS logging\n\n---\n\n## Review 8 — Praise: smooth refund & pickup\nI recently had a great dealing with Amazon NZ Australia. I unfortunately chose the wrong size… Amazon made things so easy… picked up next day and refunded immediately.\n\n- Theme: positive refunds process\n- Suggested route: CSAT/NPS exemplars\n\n---\n\n## Review 9 — Praise: very fast delivery (books/garden)\nFast delivery – I have had three deliveries from Amazon Australia in the last month… books ordered late at night arrived by midday next day, brilliant service\n\n- Theme: fast delivery\n- Suggested route: CSAT/NPS logging\n\n---\n\n## Review 10 — Praise: packing quality & fast delivery\nSuper impressive – Good are always packed nicely… Delivery is super fast… customer service number one.\n\n- Theme: well-packed, fast, good CS\n- Suggested route: CSAT/NPS logging\n\n---"
  },
  {
    "id": "data/public/reviews_seed_sample.md#3",
    "path": "data/public/reviews_seed_sample.md",
    "text": "ity & fast delivery\nSuper impressive – Good are always packed nicely… Delivery is super fast… customer service number one.\n\n- Theme: well-packed, fast, good CS\n- Suggested route: CSAT/NPS logging\n\n---\n## Review 11 — Faulty item & international return postage\nAmazon let down – faulty bike light; expected to pay postage back to USA; support vague and short, refer to international sales; going back to eBay.\n\n- Theme: return policy / cross-border returns cost\n- Suggested route: Billing/Refunds; Returns policy clarification\n\n---\n\n## Review 12 — Item missing from delivered box\nItem was not delivered… driver took a photo BUT the $90 [item] was not included. Wouldn’t have fit in the box with other stuff.\n\n- Theme: partial delivery / missing item\n- Suggested route: Delivery Ops; Refunds/Replacement\n\n---\n\n## Review 13 — Gift card not working; chat kept disconnecting\nThe worst experience – gift card didn’t work; chat disconnected repeatedly; repeated explanations; no resolution; supervisor left chat.\n\n- Theme: support responsiveness, gift card issue\n- Suggested route: Payments/Gift Cards Support; Escalation"
  }
]